[
    {
        "type": "name",
        "region": "North Country",
        "sub_region": "Lake Champlain (Chazy, Plattsburgh)",
        "name": "Blue Collar Bistro",
        "address": "82 Margaret Street",
        "city": "Plattsburgh ",
        "state": "NY",
        "zip_code": "12901",
        "phone_number": "(518) 324-7888",
        "web_address": ""
    },
    {
        "type": "name",
        "region": "North Country",
        "sub_region": "Lake Champlain (Chazy, Plattsburgh)",
        "name": "Conroy's Organics",
        "address": "8173 Route 9",
        "city": "Chazy",
        "state": "NY",
        "zip_code": "12992",
        "phone_number": "(518) 562-2333",
        "web_address": "http://www.conroysorganics.com"
    },
    {
        "type": "name",
        "region": "North Country",
        "sub_region": "Lake Champlain (Chazy, Plattsburgh)",
        "name": "Irises Café & Wine Bar",
        "address": "20 City Hall Place",
        "city": "Plattsburgh ",
        "state": "NY",
        "zip_code": "12901",
        "phone_number": "(518) 666-7000",
        "web_address": "http://www.irisescafe.com"
    },
    {
        "type": "name",
        "region": "North Country",
        "sub_region": "Greater Adirondacks Area",
        "name": "Livingood's Restaurant & Brewery",
        "address": "697 Bear Swamp Road",
        "city": "Peru",
        "state": "NY",
        "zip_code": "12972",
        "phone_number": "(518) 643-2020",
        "web_address": "http://www.livingoodsrestaurant.com"
    },
    {
        "type": "name",
        "region": "North Country",
        "sub_region": "Thousand Islands",
        "name": "Jacques Cartier Room at Riveredge Resort",
        "address": null,
        "city": null,
        "state": null,
        "zip_code": null,
        "phone_number": null,
        "web_address": "http://www.riveredgeresort.com"
    },
    {
        "type": "name",
        "region": "North Country",
        "sub_region": "Thousand Islands",
        "name": "Clipper Inn",
        "address": null,
        "city": null,
        "state": null,
        "zip_code": null,
        "phone_number": null,
        "web_address": "http://www.clipperinn.com"
    },
    {
        "type": "name",
        "region": "North Country",
        "sub_region": "Thousand Islands",
        "name": "Seaway Grill",
        "address": null,
        "city": null,
        "state": null,
        "zip_code": null,
        "phone_number": null,
        "web_address": "http://www.1000islandsharborhotel.com"
    },
    {
        "type": "name",
        "region": "North Country",
        "sub_region": "Thousand Islands",
        "name": "The Manor House Restaurant",
        "address": null,
        "city": null,
        "state": null,
        "zip_code": null,
        "phone_number": null,
        "web_address": "http://www.bonniecastle.com"
    },
    {
        "type": "name",
        "region": "Hudson River Valley/Catskills",
        "sub_region": "HR West",
        "name": "Restaurant X",
        "address": null,
        "city": null,
        "state": null,
        "zip_code": null,
        "phone_number": null,
        "web_address": ""
    },
    {
        "type": "name",
        "region": "Hudson River Valley/Catskills",
        "sub_region": null,
        "name": "RiverMarket Bar & Kitchen",
        "address": null,
        "city": null,
        "state": null,
        "zip_code": null,
        "phone_number": null,
        "web_address": ""
    },
    {
        "type": "name",
        "region": "Hudson River Valley/Catskills",
        "sub_region": "HR West",
        "name": "The Village Tea Room",
        "address": null,
        "city": "New Paltz",
        "state": "NY",
        "zip_code": null,
        "phone_number": null,
        "web_address": ""
    },
    {
        "type": "name",
        "region": "Hudson River Valley/Catskills",
        "sub_region": null,
        "name": "X2O",
        "address": null,
        "city": null,
        "state": null,
        "zip_code": null,
        "phone_number": null,
        "web_address": "http://www.xaviars.com"
    },
    {
        "type": "name",
        "region": "North Country",
        "sub_region": "Greater Adirondacks Area (Saratoga Springs, Lake Placid)",
        "name": "Local 111",
        "address": null,
        "city": "Albany",
        "state": null,
        "zip_code": null,
        "phone_number": null,
        "web_address": "http://www.local111.com"
    },
    {
        "type": "name",
        "region": "Long Island",
        "sub_region": "North Fork",
        "name": "A Lure",
        "address": null,
        "city": null,
        "state": null,
        "zip_code": null,
        "phone_number": null,
        "web_address": "http://www.alurenorthfork.com"
    },
    {
        "type": "name",
        "region": "Long Island",
        "sub_region": null,
        "name": "Noah's",
        "address": null,
        "city": null,
        "state": null,
        "zip_code": null,
        "phone_number": null,
        "web_address": "http://www.chefnoahs.com"
    },
    {
        "type": "name",
        "region": "Long Island",
        "sub_region": null,
        "name": "North Fork Table",
        "address": null,
        "city": null,
        "state": null,
        "zip_code": null,
        "phone_number": null,
        "web_address": "http://www.nofoti.com"
    },
    {
        "type": "name",
        "region": "Long Island",
        "sub_region": null,
        "name": "Petulant Wino Bistro & Wine Bar",
        "address": null,
        "city": null,
        "state": null,
        "zip_code": null,
        "phone_number": null,
        "web_address": "http://www.petulantwino.com"
    },
    {
        "type": "name",
        "region": "Long Island",
        "sub_region": null,
        "name": "a Mano Osteria & Wine Bar",
        "address": null,
        "city": null,
        "state": null,
        "zip_code": null,
        "phone_number": null,
        "web_address": "http://www.amanorestaurant.com"
    },
    {
        "type": "name",
        "region": "Niagara Escarpment/Greater Niagara Area",
        "sub_region": null,
        "name": "Mericana",
        "address": null,
        "city": "Medina",
        "state": null,
        "zip_code": null,
        "phone_number": null,
        "web_address": "http://www.mericana-ny.com"
    },
    {
        "type": "name",
        "region": "Niagara Escarpment/Greater Niagara Area",
        "sub_region": null,
        "name": "Wilson House Restaurant & Inn",
        "address": null,
        "city": null,
        "state": null,
        "zip_code": null,
        "phone_number": null,
        "web_address": "http://www.thewilsonhouserestaurant.com"
    },
    {
        "type": "name",
        "region": "Niagara Escarpment/Greater Niagara Area",
        "sub_region": null,
        "name": "Shamus Restaurant",
        "address": null,
        "city": null,
        "state": null,
        "zip_code": null,
        "phone_number": null,
        "web_address": "http://www.theshamus.com"
    },
    {
        "type": "name",
        "region": "North Country",
        "sub_region": "Greater Adirondacks Area (Saratoga Springs, Lake Placid)",
        "name": "The Log Jam",
        "address": "1484 US 9",
        "city": "Lake George",
        "state": "NY",
        "zip_code": "12845",
        "phone_number": "518-798-1155",
        "web_address": "http://www.logjamrestaurant.com"
    },
    {
        "type": "name",
        "region": "North Country",
        "sub_region": "Greater Adirondacks Area (Saratoga Springs, Lake Placid)",
        "name": "Boca Bistro",
        "address": "384 Broadway",
        "city": "Saratoga Springs",
        "state": "NY",
        "zip_code": "12866",
        "phone_number": "518-682-2801",
        "web_address": "http://www.bocabistro.com"
    },
    {
        "type": "name",
        "region": "North Country",
        "sub_region": "Greater Adirondacks Area (Saratoga Springs, Lake Placid)",
        "name": "Fifty South",
        "address": "2128 Doubleday Ave",
        "city": "Ballston Spa",
        "state": "NY",
        "zip_code": "12020",
        "phone_number": "518-884-2926",
        "web_address": "http://www.fiftysouth.com"
    },
    {
        "type": "name",
        "region": "North Country",
        "sub_region": "Greater Adirondacks Area (Saratoga Springs, Lake Placid)",
        "name": "McGreivey's Restaurant",
        "address": "91 Broad St",
        "city": "Waterford",
        "state": "NY",
        "zip_code": "12188",
        "phone_number": "518-238-2020",
        "web_address": "http://www.mcgreiveys.com"
    },
    {
        "type": "name",
        "region": "New York City",
        "sub_region": "Brooklyn",
        "name": "Dino",
        "address": null,
        "city": null,
        "state": null,
        "zip_code": null,
        "phone_number": null,
        "web_address": ""
    },
    {
        "type": "name",
        "region": "New York City",
        "sub_region": "Queens",
        "name": "Keuka Kafe",
        "address": null,
        "city": null,
        "state": null,
        "zip_code": null,
        "phone_number": null,
        "web_address": ""
    },
    {
        "type": "name",
        "region": "New York City",
        "sub_region": "Manhattan",
        "name": "Gramercy Tavern",
        "address": null,
        "city": null,
        "state": null,
        "zip_code": null,
        "phone_number": null,
        "web_address": ""
    },
    {
        "type": "name",
        "region": "New York City",
        "sub_region": "Brooklyn",
        "name": "Nightingale 9",
        "address": null,
        "city": null,
        "state": null,
        "zip_code": null,
        "phone_number": null,
        "web_address": ""
    },
    {
        "type": "name",
        "region": "New York City",
        "sub_region": "Manhattan",
        "name": "The Marshal",
        "address": null,
        "city": null,
        "state": null,
        "zip_code": null,
        "phone_number": null,
        "web_address": ""
    },
    {
        "type": "name",
        "region": "New York City",
        "sub_region": "Manhattan",
        "name": "The NoMad",
        "address": null,
        "city": null,
        "state": null,
        "zip_code": null,
        "phone_number": null,
        "web_address": ""
    },
    {
        "type": "name",
        "region": "New York City",
        "sub_region": "Manhattan",
        "name": "The Dutch",
        "address": null,
        "city": null,
        "state": null,
        "zip_code": null,
        "phone_number": null,
        "web_address": ""
    },
    {
        "type": "name",
        "region": "New York City",
        "sub_region": "Manhattan",
        "name": "Home",
        "address": null,
        "city": null,
        "state": null,
        "zip_code": null,
        "phone_number": null,
        "web_address": ""
    },
    {
        "type": "name",
        "region": "Lake Erie",
        "sub_region": null,
        "name": "Athenaeum Hotel & Heirloom Restaurant",
        "address": null,
        "city": null,
        "state": null,
        "zip_code": null,
        "phone_number": "800-821-1881",
        "web_address": "http://www.athenaeum-hotel.com"
    },
    {
        "type": "name",
        "region": "Lake Erie",
        "sub_region": null,
        "name": "EBC West",
        "address": null,
        "city": "Fredonia",
        "state": "NY",
        "zip_code": null,
        "phone_number": null,
        "web_address": "http://www.ebcwest.com"
    },
    {
        "type": "name",
        "region": "Lake Erie",
        "sub_region": null,
        "name": "La Fleur Restaurant",
        "address": null,
        "city": "Mayville",
        "state": "NY",
        "zip_code": null,
        "phone_number": null,
        "web_address": "http://www.restaurantlafleur.net"
    },
    {
        "type": "name",
        "region": "Lake Erie",
        "sub_region": null,
        "name": "Webb's Captain's Table Restaurant",
        "address": null,
        "city": "Mayville",
        "state": "NY",
        "zip_code": null,
        "phone_number": null,
        "web_address": "http://www.webbscaptainstable.com"
    },
    {
        "type": "name",
        "region": "Finger Lakes",
        "sub_region": "Canandaigua Lake",
        "name": "Upstairs Bistro at NYWCC",
        "address": null,
        "city": null,
        "state": null,
        "zip_code": null,
        "phone_number": null,
        "web_address": ""
    },
    {
        "type": "name",
        "region": "Finger Lakes",
        "sub_region": "Cayuga Lake",
        "name": "Vineyard Restaurant at Knapp Winery",
        "address": null,
        "city": null,
        "state": null,
        "zip_code": null,
        "phone_number": null,
        "web_address": ""
    },
    {
        "type": "name",
        "region": "Finger Lakes",
        "sub_region": "Cayuga Lake",
        "name": "The Bistro at Thirsty Owl Winery",
        "address": null,
        "city": null,
        "state": null,
        "zip_code": null,
        "phone_number": null,
        "web_address": ""
    },
    {
        "type": "name",
        "region": "Finger Lakes",
        "sub_region": "Seneca Lake",
        "name": "Suzanne Fine Regional Cuisine",
        "address": null,
        "city": null,
        "state": null,
        "zip_code": null,
        "phone_number": null,
        "web_address": ""
    },
    {
        "type": "name",
        "region": "Finger Lakes",
        "sub_region": "Seneca Lake",
        "name": "Ports",
        "address": null,
        "city": null,
        "state": null,
        "zip_code": null,
        "phone_number": null,
        "web_address": ""
    },
    {
        "type": "name",
        "region": "Finger Lakes",
        "sub_region": "Seneca Lake",
        "name": "Veraisons at The Inn at Glenora",
        "address": null,
        "city": null,
        "state": null,
        "zip_code": null,
        "phone_number": null,
        "web_address": ""
    },
    {
        "type": "name",
        "region": "Finger Lakes",
        "sub_region": "Seneca Lake",
        "name": "Fox Run Café & Market",
        "address": null,
        "city": null,
        "state": null,
        "zip_code": null,
        "phone_number": null,
        "web_address": ""
    },
    {
        "type": "name",
        "region": "Finger Lakes",
        "sub_region": "Cayuga Lake",
        "name": "Pumpkin Hill Bistro",
        "address": null,
        "city": null,
        "state": null,
        "zip_code": null,
        "phone_number": null,
        "web_address": ""
    },
    {
        "type": "name",
        "region": "Finger Lakes",
        "sub_region": "Keuka Lake",
        "name": "Esperanza Mansion",
        "address": null,
        "city": null,
        "state": null,
        "zip_code": null,
        "phone_number": null,
        "web_address": ""
    }
]